Source,Target
Antonio Rutledge,Daniel Lopez
Antonio Rutledge,Jeffrey Jackson
Antonio Rutledge,Lieselotte Egan
Antonio Rutledge,Eric Hebb
Antonio Rutledge,James Cooks
Antonio Rutledge,Everett Wells
Antonio Rutledge,Albert Witcher
Antonio Rutledge,Leonard Daniels
Levi Sood,Jeffrey Jackson
Levi Sood,Daryl Johnson
Samuel Kleine,Steven Young
Samuel Kleine,Dan Jimenez
Robert Tanner,Pat Woo
Willie Schlater,Thomas Boudreau
Particia Turner,Paul Flanigan
Dennis Davis,Everett Wells
Eric Hebb,Jeffrey Jackson
Courtney Cullinan,Brian Nelson
Courtney Cullinan,Everett Wells
Courtney Cullinan,Rolando Ribron
Ray Stewart,Juan Thelen
Ray Stewart,Marlin Hopkins
Ray Stewart,John Sharkey
Ray Stewart,Leonard Vasquez
Ray Stewart,Everett Wells
Ray Stewart,Ruth Hayashi
Marlin Hopkins,Morgan Bueno
Marlin Hopkins,Paul Flanigan
Marlin Hopkins,Brian Nelson
Marlin Hopkins,Everett Wells
Marlin Hopkins,Fernando Whitted
Marlin Hopkins,James Howard
Leonard Daniels,James Cooks
Leonard Daniels,Sylvester Wright
Daniel Williams,Walter Harrison
James Lawson,Pat Woo
James Lawson,Albert Witcher
Morgan Bueno,Tara Campos
Morgan Bueno,Paul Flanigan
Lisa Crowder,James Cooks
James Galea,Nancy Soucier
Everett Wells,Nathan Howard
Everett Wells,William Alvarado
Everett Wells,Edna Fujimoto
Everett Wells,Nancy Soucier
Everett Wells,Rolando Ribron
Everett Wells,Albert Witcher
Everett Wells,Jeffrey Jackson
Everett Wells,Erik Cunningham
Everett Wells,Paul Flanigan
Everett Wells,Brian Nelson
Everett Wells,Clement Colwell
Everett Wells,Pat Woo
Everett Wells,Christopher Cruz
Everett Wells,Eugene Hernandez
Everett Wells,Van Harvey
Everett Wells,Quinton Russo
Everett Wells,James Cooks
Eugene Hernandez,Jeffrey Jackson
Eugene Hernandez,Brandon Wilson
Eugene Hernandez,Thomas Haney
Eugene Hernandez,Benjamin Tutor
Juan Thelen,Leonard Vasquez
Juan Thelen,Thomas Ennis
Juan Thelen,John Sharkey
Thomas Ennis,Jose Moon
Thomas Ennis,Ruth Hayashi
Clement Colwell,Leonard Vasquez
Clement Colwell,Keith Ryan
Clement Colwell,Jose Moon
Clement Colwell,Daniel Shiroma
Daniel Charlesworth,James Cooks
Bob Mederios,Jordan Arnold
Paul Flanigan,Tara Campos
Paul Flanigan,Bradford Brown
Paul Flanigan,Nancy Soucier
Paul Flanigan,Fernando Whitted
Paul Flanigan,Albert Witcher
Paul Flanigan,Van Harvey
Paul Flanigan,Harvey Wilson
Paul Flanigan,Douglas Allen
Paul Flanigan,Pat Woo
Paul Flanigan,Brian Nelson
Paul Flanigan,Rachael Brown
Paul Flanigan,Robert Maxwell
Hector Simpson,Roger Coty
Hector Simpson,Conrad Kliebert
Hector Simpson,Benjamin Gard
Erik Cunningham,Nancy Soucier
Louis Kelly,Brandon Wilson
Tamara Parham,Van Harvey
Tamara Parham,Krystal Holden
Lisa Hastings,Stacy Mayer
Ronald Kassler,James Reeves
Roger Coty,Ernest Thole
James Reeves,Albert Witcher
Gary Hough,Nancy Soucier
Gertrude Wright,Sharon Dalton
Bradford Brown,Douglas Allen
Daryl Johnson,Brandon Wilson
Daryl Johnson,Jeffrey Jackson
David Deason,Kenneth Giles
Emil Wood,Steven Balistrieri
David Laxen,Jose Houston
Gerardo Williams,Christopher Roberts
William Alvarado,Nancy Soucier
Jeffrey Jackson,Daniel Lopez
Jeffrey Jackson,Daniel Shiroma
Jeffrey Jackson,Brandon Wilson
Jeffrey Jackson,James Cooks
Dan Jimenez,Steven Young
Dan Jimenez,James Cooks
Dan Jimenez,Jeffry Matthews
Krystal Holden,Van Harvey
Gregory Bates,James Cooks
Marcus Holmes,Benjamin Tutor
Rolando Ribron,Van Harvey
Rolando Ribron,Brian Nelson
Raymond Lopez,Brian Nelson
Raymond Lopez,Albert Witcher
Preston Stephens,Albert Witcher
Preston Stephens,Fernando Whitted
David Griffiths,Robert Harris
David Griffiths,Bryan Schempp
Albert Witcher,Daniel Shiroma
Albert Witcher,Thomas Swanson
Albert Witcher,Laverne Rogers
Albert Witcher,James Cooks
Albert Witcher,Jose Moon
Albert Witcher,Rachael Brown
Joshua Snow,Laverne Rogers
Keith Ryan,Jose Moon
Harvey Wilson,Robert Maxwell
Benjamin Tutor,Benjamin Gard
Benjamin Tutor,James Cooks
Sherri Anderson,Elizabeth Moore
Brian Nelson,Van Harvey
Brian Nelson,Pat Woo
Brian Nelson,James Howard
Robert Slover,Thomas Hanson
Rachael Brown,Donna Mcdivitt
Rachael Brown,James Cooks
Brandon Wilson,Nancy Soucier
Wallace Mckinney,Nancy Soucier
Wallace Mckinney,Daniel Shiroma
Fernando Whitted,Van Harvey
Fernando Whitted,Nancy Soucier
Fernando Whitted,Douglas Allen
Robert Maldonado,Thomas Hanson
Kevin Jones,Jamie Slavin
Benjamin Sanchez,Brittney Gregory
James Cooks,Sylvester Wright
James Cooks,Ernest Thole
James Cooks,Albert Quarterman
James Cooks,Jamie Slavin
James Cooks,Jeffry Matthews
James Cooks,Nancy Soucier
James Cooks,Robert Harris
Gary Delvalle,George Ziemba
Daniel Lopez,Jordan Arnold
Teresa Pennington,Sylvester Wright
Nancy Soucier,Daniel Shiroma
Nancy Soucier,Irma Rocker
Nancy Soucier,Douglas Allen
Irma Rocker,Jose Houston
Bryan Horan,Robert Guthrie
Jamie Slavin,Conrad Kliebert
Jamie Slavin,Pat Woo
Conrad Kliebert,Pat Woo
Conrad Kliebert,Craig Garris
Conrad Kliebert,Jose Moon
Daniel Shiroma,Robert Guthrie
Jose Moon,Pat Woo
John Sasser,Douglas Allen
